absorbance	concentration
0	0
0.048577727	1
0.091234076	2
0.369143111	5
0.460363626	10
1.458950782	20
2.24403825	50
3.274175698	100
0.091234076	200
