Concentration (mg/L)	Voltage
1	2.82656
2	2.439835
5	0.668712
10	0.294354
20	-1.146619
50	-1.28095
