absorbance	concentration
3.315803	0
2.82656	1
2.439835	2
0.668712	5
0.294354	10
-1.146619	20
-1.28095	50
-1.304848	100
-1.305661	200
